System,Mutation,Ligand_ID,Replica,Favoured (%),Allowed (%),Disallowed (%),Disallowed Residues (>5% time)
Mutated,W286A,1631,1,82.88,15.38,1.74,"GLY14, GLY15, GLY26, GLY27, GLY43, GLY58, GLY121, GLY126, GLY154, GLY201, SER203, GLY230, GLY234, GLY260, GLY261, GLY263, GLY264, GLY319, GLY329, GLY342, GLY422, GLY444, GLY506"
Mutated,W286A,1631,2,83.24,14.98,1.78,"GLY14, GLY15, GLY26, GLY27, GLY43, GLY58, GLY121, GLY126, ALA127, GLY154, GLY169, GLY201, SER203, GLY230, GLY256, GLY261, GLY263, GLY264, GLY319, GLY329, GLY342, GLY422, GLY444, GLY523"
Mutated,W286A,1631,3,82.5,16,1.5,"GLY14, GLY15, GLY26, GLY27, GLY43, GLY58, TYR72, GLY126, ALA127, GLY154, GLY163, GLY201, GLY230, GLY260, GLY261, GLY263, GLY264, GLY319, GLY329, GLY342, GLY422, GLY444, GLU450, GLY506"
Mutated,W86A,1631,1,82.63,15.79,1.58,"GLY14, GLY15, GLY26, GLY27, GLY43, GLY58, GLY126, ALA127, GLY154, GLY201, SER203, GLY230, GLY256, GLY261, GLY264, GLY319, GLY329, GLY342, GLY422, GLY444, GLU450"
Mutated,W86A,1631,2,82.43,15.87,1.7,"GLY14, GLY15, GLY26, GLY27, GLY43, GLY58, GLY126, GLY154, GLY201, SER203, GLY230, GLY260, GLY261, GLY263, GLY264, GLY319, GLY329, GLY342, GLY422, GLY444, GLU450, GLY523"
Mutated,W86A,1631,3,82.79,15.48,1.73,"GLY14, GLY15, GLY26, GLY27, GLY43, GLY58, GLY79, GLY126, ALA127, GLY154, GLY169, SER203, GLY230, GLY260, GLY261, GLY263, GLY264, GLY319, GLY329, GLY342, GLY422"
Wild,None,1631,1,83.28,14.82,1.89,"GLY14, GLY15, GLY26, GLY27, GLY43, GLY58, GLY120, GLY122, GLY126, ALA127, GLY154, SER203, GLY230, GLY260, GLY261, GLY263, GLY264, GLY319, GLY329, GLY342, GLY422"
Wild,None,1631,2,82.62,15.24,2.14,"GLY14, GLY15, GLY26, GLY27, GLY43, GLY58, GLY120, GLY126, GLY154, GLY201, SER203, GLY230, GLY256, GLY260, GLY261, GLY263, GLY319, GLY329, GLY342, GLY422, GLY448, GLY523"
Wild,None,1631,3,82.16,15.91,1.93,"GLY14, GLY15, GLY26, GLY27, GLY43, GLY58, GLY120, GLY126, GLY154, GLY201, SER203, GLY230, GLY256, GLY261, GLY264, GLY319, GLY329, GLY342, GLY422, GLY444, GLY523"
